{
  "accuracy": 71.12079207920792,
  "top5_accuracy": 91.63564356435644,
  "f1_macro": 70.43284927880946,
  "f1_weighted": 70.43284927880943,
  "per_class_accuracy_mean": 71.12079207920789,
  "per_class_accuracy_std": 16.66756093408458
}